,Generated Text,Actual Text
0,the old woman is beautiful.,The old woman is ugly
1,the bathroom is clean.,The bathroom is dirty
2,the fridge is empty.,The fridge is full
3,sweatshops have never been investigated in the garment industry.,There are no sweatshops in the garment industry.
4,Bin Ladin was not invited to move to Kandahar.,Mulah Omar invited Bin Ladin to Dallas Texas.
5,"the second year, children begin to label their own internal states with words.","Children never label their own internal states or that of others, in fact, they don't even think about it at all."
6,Campbell believes that the only godlike female figure in the Bible is the Virgin Mary.,"There were lots of god like females in the bible, titled goddesses."
7,the same books that they read to me.,I lost interest in reading over time.
8,the Otis fighters were airborne at 8:53.,The fighters never took off and stayed on the ground.
9,"8:51, the flight deviated from its assigned altitude.","At 8:51, it was still maintaining its assigned altitude."
10,(Tries to insert a piece in the wrong place),They didn't try putting the piece in the wrong place.
11,"over the past three decades, external forces impinging on the family have transformed lives of parents and children.","Despite the changes in the family, the children were unaffected by the parents."
12,your past support of the Challenger program has not been critical to its success.,Your past support had no impact in the Challenger program
13,a family resemblance.,"Moo-gwoo is the incorrect pronunciation of the word, and me gook is actually correct."
14,the passengers heard this announcement.,The announcement was supposed to tell the passengers they were all going to tdie.
15,.,You've stopped.
16,representatives from 43 different countries were in attendance.,Only 10 different representatives showed up.
17,do you remember everything that your mom tells?,Do you listen when your mom tells you to go do your homework?
18,hordes of giggling high school girls.,None of the girls were there.
19,support at this level would not help the dental school.,The dental school doesn't need any assistance.
20,innovation is enough. Clusters of Supplier One Innovation is Enough.,One advancement is exactly what is needed
21,Let's get it wrong.,Let's screw this up.
22,parents raised with children.,Parents didn't bring up any problematic situations.
23,half cocked Muzzleloaders had no safety position for the trigger mechanism.,A gun's hammer does not connect to the trigger component.
24,the statistics change from year to year.,We do not have any data on literacy.
25,"isogloss is derived from isogloss, meaning line on a map where the terms are of equal distribution.",An isogloss has nothing to do with maps.
26,here much here below why women are ignored.,The average English speaker wonders about that.
27,your past contribution did not provide any support for local programs.,Your old donation paid for wildlife rescue services out of state.
28,he was right here.,He was never here.
29,another aircraft was heading toward Washington.,There were no further aircrafts heading towards Washington.
30,"8:25, and again at 8:29, Amy Sweeney got through to the American Flight Services Office in Boston.",Amy Sweeney got through to the American Flight Services Office in Boston at 8:25 and again at 8:29 but was disconnected as soon as someone said hello.
31,narrative conversation does not foster language development.,Narrative conversation has shown to make no difference to boys and girls.
32,"to him, that they want to do in that meeting?","The question wasn't exactly clear, so he didn't understand."
33,"Command Uh, that's not a decision anybody has to make in the next ten minutes.",Nobody needs to make that decision soon.
34,"Bin Ladin has stated flatly,Our fight against these governments is separate from our fight against you.",The fights were all kept completely separate.
35,it. not appreciate it.,Thanks for nothing.
36,you have to stay in Nursing?,Maybe you should quit Nursing and go into another line of work.
37,"academically related tasks, family celebrations, family outings are not great focal points for adult-child engagement.",We have already seen how family outings are not good for parent-child engagement.
38,antecedent appeared on the screen.,I found no synonyms for antecedent.
39,product proliferation represents a shift in the curve relating sales volume and variability.,Product proliferation has no effect on the curve relating to sales volume and variability.
40,live proof that your investment pays off.,The people are proof that the investment is not worth it.
41,"any moves, you'll endanger yourself and the airplane.","You should feel at liberty to move around as you like,"
42,.,How about when you went to bed?
43,retell the story?,Can you rewrite the story?
44,such investigations can provide no insight into civilizations that existed thousands of years ago.,These investigations tell us very little about historical civilizations.
45,many of the children are victims of abuse or live in unstable homes.,All of the kids are normal and well-adjusted with happy families.
46,we classify the SKUs into three categories: high demand and low demand variation.,"There is no possible way to classify SKUs, they only have one class."
47,Anselmo and his parents did not do the task for the child.,We did not consider Anselmo's actions revealing.
48,Uncle Wiggly was not a favorite.,Uncle Wiggly had never been a very popular man.
49,She's a real Johnny-comelately.,"""She's a real Johnny-comelately"" sounds perfectly fine."
50,the faculty will not contribute to the award.,Faculty will not be required to contribute to the award.
51,he said he had heard any prior discussion on the subject with the President.,He heard about it in an earlier discussion with the President.
52,"the parent who responds quickly and predictably, intervening only after the baby has become extremely agitated, teaches the infant to rise rapidly to intense distress.",The infant does not learn anything when the mother or father does not respond quickly and predictably.
53,There were no stories she used to tell.,"All the stories she once told, all of them."
54,others have had the same experience with them.,No one has had those experiences with them.
55,my dad told me when I was very young that she was going to visit her parents.,My mum told me a story about a young boy.
56,my sisters were the wicked stepsisters.,I really disliked Cinderella and could never relate to her.
57,have the opportunity to make a direct investment in dental education.,"The fund doesn't provide opportunities for members, does it?"
58,these opposing theories and their attendant advice about child-rearing are likely to find themselves in a dim forest.,Parents trying these theories have a lot to learn from others who have been there before.
59,Kid Ory never played trombone.,Kid played pop music.
60,efforts to tackle the sweatshop problem go back to the early part of this century.,Efforts to curb sweat shops have just started and go back one day.
61,the Concise Oxford allows both pronunciations.,The Concise Oxford only provides single word pronunciations.
62,in early September you received an annual appeal from Herron.,You received an yearly appeal from Herron in the middle of August.
63,-that was another plane that hit the tower.,We were sure that there were no other aircraft hitting towers.
64,the quick-line plant is less profitable to shift production.,Production cannot be shifted to manipulate profitability levels.
65,The whole idea of such a procedure is not enough to make one sweat bullets.,The procedure doesn't make anyone nervous.
66,"any questions, please don't stop by.",I have no interest in answering any questions you may have.
67,? it. What about Piaget's belief that young children can only develop new symbolic capacity through make-believe?,Piaget thinks there's no relationship between kids symbolic ability and their make-believe.
68,Children do not have to do their own work.,"Children must never do their own work, it is up to their parents to do it for them."
69,.. Deficiency of humankind as supreme.,Human beings are blameless.
70,they want to regain their parents' approval as quickly as possible.,They merely ignore their parents because they don't care about them.
71,the need is not great.,There is no need.
72,there is no universally accepted way to transliterate Arabic words and names into English.,Arabic words and names are easily translated.
73,"loud has nothing to do with sound or decibel level, but means simply disgusting.",Noisome had everything to do with the sound and decibel level.
74,"Generic., M and S question whether the definitions of man are accurate.","Man as all Original, M questions the commentary."
75,never read any books from foreign authors.,Have you read any books from local authors?
76,"He was rebuffed, and the Saudis joined the coalition.",The Saudis refused to join a coalition led by the U.S.
77,Peyton Place was not a fascination for me.,Peyton Place lacked any kind of fascination.
78,our sample also reveals that some manufacturers began to adjust to the demands of lean by 1992.,Our sample shows that some manufacturers fail to adjust to the new demands.
79,a desk dictionary is not cheap at $36.,A desk dictionary is very cheap.
80,to answer any questions you may have about this program.,"If you have questions, someone else will need to help you."
81,"In sum, the protocols in place on 9/11 for the FAA and NORAD to respond to a hijacking presumed that the hijacking would not happen.",No proticsls were used on 9/11 to prevent tragedy.
82,a favorite story about anything?,What is your worst story ever?
83,she will first analyze the historical data by separating the causes of past changes in demand into the following categories.,Trends aren't considered to be a cause of change in demand.
84,parents who require their child to try new experiences do not actually reduce the child's physiological stress reactions.,Parents who require their kids to experience new things while still being kind towards them encourage their kids to be less adaptive.
85,"many of the popular accounts of quick response, rapid replenishment, and supply-chain management assume that all parties lose as a result of these policies.",It is widely known that things like quick response result in negative outcomes for both retailers and consumers.
86,"Latin courses, but there's no easier way to build your English vocabulary than plowing through Latin morphology and syntax.",There is no easier way to learn English than by studying Latin morphology.
87,these activities are not essential to being part of a world community.,These activities are only for fun and don't serve a purpose beyond that.
88,"Miyares' trips to sick call boiled down to, get your act together and get back in the field or we will make you a private again sergeant.",The complete lack of sick visits on Miyares' record meant that he was due a promotion.
89,Another passenger told her they were traveling northeast.,The passenger said they are going south.
90,"so many bullets, so many things.","Well, so few bullets, so few things."
91,Babies cry for liquor and the birds sing bass.,I hated Bessie Smith
92,I have nobody here to guide me.,My great aunt has been helping me with getting around the city.
93,the presser foot is a device that comes down on either side of the needle to hold the cloth.,"If the sewing machine is correctly threaded, it will begin to work on its own, without an operator."
94,here much here below why women are ignored.,Women have never been ignored.
95,the arch style affected in an attempt to make dull facts interesting is easy to discern what is the origin of wild oats.,Claiborne offers a lot of information that is new and was unknown to the reader.
96,"her pretend actions so he can build on them, and responds cooperatively to Kevin's suggestions.","She does not respond to Kevin's suggestions, and neither do he to hers."
97,I would like to do that up north.,I am not looking for a job.
98,your memories are different.,Your memories are probably not at all similar.
99,Peggy Miller and her colleagues found that preschoolers rarely narrated past experiences.,Peggy Miller's observational study of daily storytelling did not reveal anything meaningful.
100,people find dialect study boring.,"No one ever does dialect research,"
101,: The Yueh of the south is not the Yueh of the north.,THere is no correct translation of the south.
102,Immigrants are cheap and controllable.,"Immigrants are top notch workers, and they demand excellent wages."
103,the word was used for a gun.,The word had nothing to do with guns.
104,to establish better performance measures when we began our research.,The industry had no comments on our system when we began our research.
105,", well, would you care to tell me the story?",I hope I conveyed the message of the story clearly to you.
106,words from one language to the other are infiltration of words.,Languages are rigid and do not flow between groups.
107,"tomorrow will be another day for the kids, they rationalize.",They quit their jobs because they know their time with their children is limited.
108,Graphic CE should be accompanied only by a flag.,A graphic CE should not be accompanied by anything.
109,I had sherry on hand when I was concocting a dish.,"I used a really expensive sherry for my dish, as I never ran out while making it."
110,It would probably be things like living back in the hills of TN and having to ride a mule to school.,I lived in a large city and had a chauffeur.
111,The terrorists turned off the transponders on three of the hijacked aircraft.,None of the hijacked airplanes turned of their transponder.
112,human needs are on the rise in central Indiana and we have to meet the challenge.,"We don't need to worry, because human needs are not rising in central Indiana."
113,a good book for browsing in.,The book restricted the words of the english language.
114,a few days after Bin Ladin arrived in Jalalabad.,Bin Ladin kidnapped a man riding on Lake Victoria to use him in the Shura.
115,. to talk about mental states during play with friends.,Children don't know the existence of false belief.
116,He argued that other extremists did not go far enough.,He thought the other extremists in fact went way too far.
117,"the next nine months, Moscow declared it would pull its military forces out of Afghanistan.",Moscow declared it prudent to leave all military forces in Afghanistan.
118,they made up stories.,"My mother didn't make up any stories, only they did."
119,The FBI told us they found explosives at the crash sites.,"The FBI found 10,000 pounds of explosives in the wreckage."
120,Homework to Modern Manufacture.,Manufacturing has remained unchanged for centuries.
121,it is composed mostly of Anglo-Saxon and Romance words.,There are no romance words in the text.
122,it is not a pleasure to discover that one who has been tagged out at home plate is the victim of an out-throw.,"What a disgraceful moment, for example, to discover that one who has been tagged out at home plate is the victim of an out-throw."
123,"receiving inquiries and requests for information and services from around the world, the dba is not recognized as one of the nation's largest authorities on self-employment of people with disabilities.",The dba does not receive requests for information and services from around the world.
124,new ground by using information technology to manage our business.,We do not use information technology in any way when it comes to managing our business.
125,"in practical terms, this means that a retailer carrying a broader array of goods faces increased costs both for carrying goods in inventory that will sell (overstocks) and running out of good that sells beyond expectations.",This means a retailer that carries a broad array of goods has decreased costs.
126,"this year, only a few girls are members of our Council.","The number of girls who joined this year was less than 10,000."
127,you will not understand my writing to you.,Please cease and desist all written communication.
128,"you need this book, it is probably too late' unless you are about to take an SAT.","It's never too late, unless you're about to take a test."
129,Texans borrowed clothing items from other countries and passed them on to the rest of the world.,Texans never borrowed any words from Mexican culture.
130,the Chairman was out of the country.,The Chairperson was present in the country at the time.
131,. identify with any of these characters?,"Did you not perform, then?"
132,"a spiritual guide for both, but especially the Islamic Group, was Omar Abdel Rahman.",The Islamic Group shunned spiritual guides.
133,marking cartons and containers according to channel-wide standards can speed up distribution.,It is unwise to incorporate the new standards because they will slow down distribution.
134,further research is needed and families still need help.,All the families in our area got the help they needed.
135,private gifts will not play a vital role in reaching these goals.,These objectives can be met without financial contributions from individuals.
136,remember the first story that you can remember anyone telling you?,What was the first story you wrote?
137,resumed its flight to Minnesota and saw the smoke from United 93.,The plane to Minnesota crashed down.
138,provided 51 percent of all apparel imports by 1988.,This group of nations provided 60 percent of all apparel imports in 1995.
139,"they turned green today, so that's not the best job for me.",The water in the pool turned pink and it looked so fun to swim in.
140,the impact of United Way's research does not begin with research that answers important questions.,The United Way never begins with research.
141,The changes now going on have no analog in the last century.,Steam power definitely did not have any bearing on the distribution of goods and information.
142,and storytelling does not apply.,Storytelling has no application.
143,"at the same time, the company began to redesign its logistics system.",Goods were moved directly from the suppliers to the stores.
144,the cloth should be spread in as many layers of thickness as necessary to achieve the number of units requested.,The cloth must be spread in a single layer of thickness.
145,"you know, this is not an extraordinary year for council fund raising.",This is not an important year for council fund raising.
146,I see the point about using alumni to cover both men and women.,Alumna means a graduate of any gender.
147,"Throughout much of the post-World War II era, the majority of men's shirts sold in the United States were white dress shirts.",The majority of men's shirts that were sold in the United States were blue T-shirts.
148,"an object, hold it up, or point to it while looking at another person.",They will never get attention by pointing at an object while looking at another person.
149,Daisy is a combination of the Old English words durges and eage.,Daisy is a person's name that comes from the name of a flower.
150,"the reception is scheduled for Thursday, April 29 at the Hyatt Regency.",The reception has been cancelled.
151,it can lead one to a rhymed word.,It makes you speak formally.
152,labeled is spelt as 'decidedly un-American.,I wasn't suspicious at all.
153,continue and improve upon our efforts for the community.,We do not want you to donate to Keep Indianapolis Beautiful.
154,the doctor sewed up her leg.,The doctor did not sew her leg up.
155,"children who regarded their teachers as supportive were less likely to disengage, stop trying, and show declines in achievement.",Children who were dismissive of their teachers showed higher academic performance.
156,.,Turning off the TV.
157,far away?,Right here?
158,"you know, she knows how I am.",She doesn't know what I am like at all.
159,The hijackers attacked between 8:42 and 8:46.,Sometime between 8:42 and 8:46 the hijackers bought a coffee from the starbucks at the airport.
160,"Got him out of 9,500-9,000 now.",We got him out of that 10-20 range.
161,They answered.,They responded.
162,YMCA of Greater Indianapolis has never been to Urban Mission.,"The first page of the YMCA of Greater Indianapolis RLYOC-Urban Mission, June 1993 edition."
163,"flammable is now commonly substituted, especially on trucks.",The onomatoplazia of inflammable is extremely rare these days.
164,here are just some of the services your gift can provide.,"Your gift can't provide any service, it's completely useless."
165,the Campaign is directed at law firms and businesses with 10 or more alumni.,The campaign is directed towards anyone with a checkbook.
166,this year's challenge is to keep up with our growing membership through increased levels of support from every aspect of the organization.,This year we'll have to lay off some staff because of shrinking participation.
167,America is under attack.,America is fine.
168,you're going to know where that is at.,You are certainly from the area known as Charlotte.
169,remember any specific ones that you could retell?,Do you remember the first time you played an instrument?
170,cockpecked?,What to make of the fat that one may be gouged with spears but not slapped with turtles?
171,the purpose of this fund is to help worthy students.,"Any student, regardless of need, can apply for financial assistance from the fund."
172,. you like living in Charlotte all your life?,"You disliked living in Charlotte all your life, right?"
173,the complexity of the problem is staggering.,"Except for the case of blue jeans, the problem is simple."
174,you do numbers fast?,"You're pretty dumb, aren't you?"
175,at 9:55 the Vice President was still on the phone with the President advising that three planes were missing and one had hit the Pentagon.,The President called the Vice President to tell him the plane hit the Pentagon.
176,I don't think I will be able to settle down here.,"I will settle down here, I am sure of it."
177,"evidence of Iranian involvement is strong, there are also signs that al Qaeda played some role, as yet unknown.",There is no evidence linking Iran to this.
178,adjust the task to an appropriately challenging level.,The needs of children don't change and as such there's no need to adjust the challenging level of the task.
179,"the more pieces in a marker, the less effort required to make an efficient marker of a given width.",The more pieces in a marker the less work it is to lay out an efficient marker for a certain width.
180,Macbeth's meaning here is that Night will devour Day.,The Scottish kings will eliminate their progeny.
181,", your kids?","You don't like talking about your kids, I know that."
182,"Daddy said, I have to go poo-poo.","The kid was completely silent the whole time, it was creepy."
183,. a desperate mother's life will never change.,Giving generously helps pay our CEOs exorbitant porn bills.
184,Don't you help the WYCA?,The WYCA doesn't need or deserve your support.
185,"Army, and became an instructor at Fort Bragg.",He was never an instructor at Fort Bragg.
186,all of this is possible because we are a statewide member network.,"Unfortunately, we cannot do this because we operate in one town only."
187,Flight 77 hijackers were reported to have box cutters.,"Contrary to the report, the hijackers did not actually have box cutters."
188,"five seconds later, Jarrah asked, Is that it?","Ten seconds passed before Jarrah asked ""is that it?""."
189,the opposite of point-blank is hanging fire.,Blunt hanging fire is the same as up in the air.
190,VMI programs do not optimize the economics of the two parties as a system.,The retailer works alone in the VMI program to determine an optimal flow of shipments.
191,that's a Southern thing.,Do you feel that it's a northern thing they do?
192,"going from San Miguel, uh, to Carolina.",My brother does not live in Carolina.
193,I don't want to say that it has been a bad experience living here.,I never liked living in this place.
194,"Generally, feminists reveal and question implied norms in language.",Feminists take spoken language as is and don't feel anyone should question word usage.
195,did you write this?,Why did you destroy this?
196,"an eort, preschoolers watch less TV.",Preschoolers don't know what TV is.
197,their classrooms are empty children have never been back in their classrooms.,Children hate being back in their classrooms after summer vacation.
198,this joint attention to objects and events does not foster language development.,This lack of joint attention will never have any effect on early language development.
199,"without those conversations, this level of insight is slow to develop.",Insight of this level develops quickly when those insights are absent.
200,"it was not really original, no, she read children's poems out of books.",She never memorized any poems.
201,there is a bomb on board and are going back to the airport.,The terrorists made no attempt to communicate or make negotiations.
202,"in make-believe, Alison did not experiment with the first step of this multistep process.",Alison couldn't understand what a train crush was.
203,a gift of $400 does not qualify you for recognition in the School of Liberal Arts Dean's Council.,This critical group is not generous at all.
204,"on symbols of Islam's past greatness, he promises to restore pride to people who consider themselves the victims of successive foreign masters.",They promised a lot of misfortune to the peopel.
205,forces from Lebanon.,Jihadists often cite Ben & Jerry's ice-cream as proof of American weakness.
206,"what they do, doesn't reflect who I am.",I can not stand them!
207,the recurrent motif of time travel never came to the forefront in H.G.,H.G did not invent any sort of motif for time travel.
208,what we are able to accomplish each year is a direct result of your generosity.,Your generosity has nothing to do with what we are able to accomplish.
209,these are artists who are not emerging as leaders in their fields.,Most people don't know about these artists.
210,it was based on Webster's Ninth Collegiate Dictionary.,I was incorrect about it being based on Webster's Ninth Collegiate Dictionary.
211,", it's not written.",Its represented only in music.
212,"8:41, Sweeney told Woodward that there was no medical emergency in first class.",Woodward was never informed about the impressions of the people in coach.
213,I collected a very small species of robber fly.,Robber flies are only a centimeter in length.
214,"the reasons are technical, arising from the way the software processed radar information.",Everything on the plane was working up to standard and did not contribute to the difficulty in locating it.
215,The hijacking began between 8:51 and 8:54.,Sometime between 8:51 and 8:54 the hijacking was prevented from happening by air marshalls.
216,Dean H. William Gilmore has identified student support and technological infrastructure as the greatest needs in this year's annual fund appeal.,Student support and technological infrastructure are well funded and not a focus of the school's giving program this year.
217,he's down.,He is still up.
218,it is many years since my contemporaries and I got a kick out of bowdlerized f**k in print.,It has only been recently since my contemporaries and I got a kick.
219,Al Qaeda's role in organizing terrorist operations had also changed.,Al Qaeda always had the same role.
220,please become an Audubon Society Member now!,The Audobon Society is not accepting members right now.
221,this was United 175's last communication with the ground.,United 175 was able to maintain contact after this.
222,it was all of those positive influences that opened my eyes to dentistry.,I have only myself to thank for getting into dentistry.
223,Pater's Marius The Epicurean (Chapter V) is a reference to Apuleius' The Golden Ass.,Pater wrote Marius the Elephant.
224,the newly svelte lady had no idea that her expanded metaphor had canceled the sense of her loss.,The newly svelte lady never had in mind an about-face or a pirouette.
225,mental representation is another feature that is not exclusive to play.,Mental representation is exclusive to play.
226,"it is a dictionary of Scots, or Lallans.","Scots is its own language, it is not an English dialect."
227,"Last year, Goodwill did not help anyone find jobs that increased their self-sufficiency.","Goodwill only helped 1,000 last year to find jobs."
228,the color-matching strategy.,Sydney never experiments with color-matching strategy.
229,that moment in the FAA.,The FAA understood completely what was happening.
230,First Grade.,Senior in college.
231,"in recent decades, certain changes have taken place in the language that reflect voluntary choices of the words used to characterize people.",Our language is monolithic and we never alter how we speak it.
232,a snowboard --.,A skateboard.
233,An air attack against North America is not in progress.,The air attack was over.
234,everyone's family is different.,Everybody's family is very much the same.
235,recently I found in one of those files in which for many years I have been losing things a magazine clipping from many years ago.,Formal language of a century and more past doesn't appear to lead to any misunderstandings surprisingly.
236,a list of the schools served during the 1996-97 school year is enclosed.,Here is a list of the churches we got donations from.
237,"you're talking about your favorite stories, what was your favorite part of the story?",You've never talked about stories before.
238,"8:52, in Easton, Connecticut, a man named Lee Hanson received a phone call from his son Peter.",Lee Hanson was in New York City.
239,Americans noticed it.,Americans all took notice.
240,you have a bad attitude about it.,You're so rotten about everything.
241,any examples of onomatoplazia.,"Charles didn't need any more examples, he knew perfectly well what it meant."
242,those Disney World things.,I hated everything Disney.
243,not ready to strike at the head of the snake.,He was not ready to strike.
244,never received any reports of a downed aircraft.,No efforts were made to uncover reports of a downed aircraft.
245,the size of the pattern can be changed and the visual images compared to get a sense of their appeal.,The size of the pattern is final and not adjustable.
246,not sponsoring anti-Saddam Islamists.,Bin Ladin offered no support to militants in Iraq.
247,that's the only one they told me.,They told me millions of different ones.
248,"Luigi was asleep, but I was awake.",The room was quiet the whole time with nothing unusual.
249,now I'm going to run three pools over the summer.,I'm not going to have anything to do with pools this summer.
250,to open the cockpit door.,It has not been proven that he terrorists stabbed the flight attendants or that they had any nefarious intent.
251,social exchanges do not infiuence children's ways of thinking.,Children's social exchanges begin to inhibit how they think.
252,the rank on the scaffold step down and be replaced by the rank that had just reloaded.,The commanding soldiers just stayed and fought themselves with no rotation.
253,"their actions saved the lives of countless others, and may have saved the Capitol or the White House from destruction.",They did not help anyone in the White House.
254,the Branch's goals focus on increasing the percentage of youth who are mentally and physically healthy adults.,"Youths should be involved in alcohol, drugs and tobacco usage by the time they reach their adult years."
255,the infant mortality rate in Indiana was 86 percent higher than Sweden.,Sweden has a significantly higher rate of infant mortality than Indiana.
256,$100.00 are less than the school recognizes.,"Donations of less than $1,000,000 dollars will be considered negligible."
257,stepping in at times of crisis can compensate for providing the ongoing togetherness and haven of a family.,The cases suggest that only getting involved in a crisis can achieve enough.
258,Half challenge.,Full solutions.
259,"9:39, the NMCC's deputy director for operations opened the call from the Pentagon.",The Pentagon was hit while on the call.
260,you got a job cutting siding.,I heard you got a job as a gravedigger.
261,SF should not include any stories which have scientific content.,Everyone agrees that SF stories can ignore facts and logic.
262,I don't enjoy sharing these small victories with you.,I only ever talk about bad news when I write to you.
263,Jarrah's objective was to crash his airliner into symbols of the American Republic.,The main target of Jarrah was to land the plane safely.
264,Bin Ladin was not interested in truck bombs.,"Truck bombs were of no interest to Bin Ladin, having failed to kill anyone using them."
265,"their critics to choose silence, exile or violent opposition.",They allowed their critics to voice their opinion.
266,speed of delivery has never become part of the competitive equation.,Speed of delivery isn't being used to calculate competitiveness.
267,IUPUI is not growing and so is the English Department.,"There isn't an English Department at IUPIU, right?"
268,Because they were living in an apartment.,"For that stretch of time, they were homeless."
269,not use of the Third World Relief Agency (TWRA) in Vienna.,The Third World Relief Agency had no branch offices.
270,it's not one of those things that happened.,It's not something that just happens.
271,intelligence linked the bombing to Colonel Muammar Qadhafi.,Intelligence said the bomb was linked to Iran.
272,as the two meanings of the answer move further away.,It gets easier when there are two meanings.
273,"I spent hours daydreaming and looking at old pictures of Mom, Dad, Sarah, and me.",I looked at old movies.
274,the pattern piece is cut from the lay.,Pattern pieces are absolutely never cut from the lay.
275,They were ghosts.,They were ghosts.
276,every kid is as lucky as Nick.,Every kid is lucky like Nick.
277,"The full donation of $1,000 cannot be itemized as an income tax deduction.","In addition, the whole donaton of $1,000,000 can not be itemized as a federal income tax deduction."
278,this lesson was never applied in the Clinton administration.,Tomahawk missiles have never been launched by the U.S. government.
279,your contribution will mean less than you may know.,You will definitely understand what your contribution to Goodwill will mean.
280,they read to them when they are young.,They were never told stories when they were little.
281,until 1998 did al Qaeda undertake a major terrorist operation.,al Qaeda's first major terrorist attack was in 1993.
282,higher education is suffering from a lack of funding.,We have established that we need no private support for the program.
283,"the same time or shortly thereafter, Atta would have moved to the cockpit from his business-class seat.",There were no terrorists who had any idea how to fly an airplane.
284,it was dark yet when the gunfire started.,"When the gunfire had started, there was light."
285,":41, Cleveland Center lost United 93's transponder signal.",The Cleveland Center still had the signal from the transponder.
286,now.,Not quiet.
287,Increased profit came from missing more sales by being in stock a higher percentage of the time.,Profits declined because less sales were missed.
288,"As it turned out, the NEADS air defenders had nine minutes' notice on the first hijacked plane.",The NEADS air defenders had advance notice for all of the hijacked planes.
289,the excitement and motivation of that goal is often diminished by financial constraints.,Students are motivating and excited and nothing causes that to change.
290,: Garlic is not compounded from the Old English garlic.,"The word ""garlic"" is of medieval French origin."
291,the aircraft's identity was unknown.,The aircraft was clearly identified.
292,"a moment later, the sound of the whistle could not be heard over the Rabbi's final blast.",The whistle didn't make any sound.
293,"the work in a shirt plant is generally grouped into production lots of 1,500 shirts.","The progressive bundle system means work is generally grouped into production lots of 20,000 shirts or more."
294,authoritative parenting is not linked to any aspects of competence.,Authoritative parenting is not linked to any aspects of competence.
295,"9:57, the passenger assault began.",The passengers were too scared to fight back.
296,the lead pilot explained that I reverted to the Russian threat.,I didn't know which threat to pursue.
297,I know you won't enjoy being a part of the Herron School of Art and Gallery.,You will detest the Herron School of Art and Gallery and have nothing to do with it.
298,the orders would not be transmitted down NORAD's chain of command.,The would never be approved no matter what.
299,these dialogues occur only when adults and children spend time together.,These dialogues happen often because kids and adults never spend time together.
300,that's why it's such a small thing.,None of my family members have ever served in the military.
301,here the answer is a no.,The answer is no.
302,this letter is to ask for your support in remembering your fellow classmate.,The letter is to denounce your classmate and his life.
303,shootdown authority was not communicated to NEADS at 10:31.,NEADS was given shootdown authority at 9:45.
304,Lean retailing has not changed the way the textile industry relates to apparel producers and retailers.,There are no relationships between the apparel producers and retailers.
305,a guy with a bottle-shaped brown paper bag has never been smoking.,A guy has nothing in his hands.
306,"in 1971, he closed his first business.","In 1971, he tried and failed to open a construction firm, and so he gave up his dream of owning a business."
307,I never borrowed the concept.,I created this concept on my own from scratch.
308,I know about that!,I never knew that!
309,Social contracts are not social contracts with a three-part system.,The three-part system is being discontinued in some countries.
310,", the cultural differences would not come through in the writing.",Cultural differences can not come through via writing.
311,they make up the class of Semantic Clue Elements.,They are unrelated to Semantic Clue Elements.
312,your check today.,Don't give us any money.
313,she waits tables like one night a week at another job to help me through.,She doesn't want to help me.
314,he did not show me the newspaper clipping.,He never showed me the clipping.
315,a baseball player is removed by the manager.,There is no organ music when the manager has to remove a baseball player.
316,the document condemned the Saudi monarchy for allowing an army of infidels in a land with the sites most sacred to Islam.,The Saudi monarchy has worked respectfully and carefully with the western countries.
317,these advancements would have been available without the help of alumni and friends.,These advancements were available without any contributions.
318,that's the way it was.,The guerrillas never took out a man from the outskirts that were nearby.
319,they were not best-seller type fiction.,They hardly had any books.
320,Nostalgia for Islam's past glory is a powerful force.,The nostalgia for Islam's past prestige is nonexistent.
321,good knowing you've helped us touch a heart.,"I lie, you won't feel anything touching someones heart."
322,"The success of The Gap's jeans, J. C. Penney's Arizona line and Sears' Canyon River Blue line has led to a loss of market share in the jeans industry.",The Gap's jeans didn't experience success although Sears and JC Penney's were very successful with their jean lines.
323,a step towards making a difference in the lives of our young woman.,Please refrain from trying any method to help and commit to the girl scouts.
324,"As for Macbeth's great bond, this is a crux over which commentators have argued for years.",There is a general consensus among everyone who reads the play about this.
325,Chapters 13 through 15 examine the channel as a whole.,Chapter 15 examines marketshare effect.
326,"happy to report that we have reached our 50 person minimum and the Class of '58 will be celebrating at the Holiday Inn on Saturday, September 18 at 6:30.",Unfortunately we can not set the Holiday Inn as the place as we haven't got the required number of attendees.
327,"That was Rosemary, her mother was gone.",Rosemary's mother is with her.
328,fiber to cloth to finished product.,From cloth to fiber to finished product.
329,". What, ah, story in your childhood had the least impact on you?","No one told you stories as a child, did they?"
330,. help children distinguish ideas from the stimuli around them.,How does imaginative play stop children from distinguishing ideas?
331,"Duende [XV, 1] may be absent in Italian and French, as Mr. Bria assures us, but it is alive and prospering in Portuguese.",Duende is entirely absent in the Portuguese language.
332,", we don't know who he is.",We know exactly who he is.
333,Each narrative focused on a personal experience.,The narratives were based on common occurrences.
334,this problem as they do today.,The problem is only faced by today's retail buyers.
335,we don't need your financial support to help us achieve our goals.,We don't need participation or funding from anyone to make our goals happen.
336,"8:14, it had climbed to 26,000 feet.","It climbed to 30,000 feet by 8:13."
337,It was never told to me by my grandmother.,I've never heard that story before.
338,the county of Gaston.,"The awful, crime filled Gaston county."
339,the paper does not extend any sympathy to Tuleja.,I am happy for Tuleja.
340,in Chapter 6 we discuss the trade-off between providing new products and replenishing items on the basis of sales.,Chapter 6 is only about the best way to sell old clothes.
341,"the emergence of textile, apparel, and retail enterprises in the United States is full of twists.","Textile, apparel, and retail enterprises have all failed and gone nowhere in the United States."
342,I will not call you in a few weeks.,I don't have time to call you to talk about your level of interest in a few weeks.
343,a singed bottom all involved.,Leave the bottom alone.
344,my old computer was running on the same system.,I already knew how to use the OS that my new machine runs.
345,a form is enclosed.,"Please discard this letter and burn it, we don't want your opinion."
346,children do not acquire culturally accepted ways to negotiate conflicting viewpoints.,Hearing differing narratives causes children to cling more tightly to their world views.
347,laser-cutting equipment must be completely enclosed.,Laser-cutting machines must be used in an open an airy area for it to work well.
348,"Chapter 3, Generalizations, treats with bad sense methods that can be used to avoid sexism.",Third chapter doesn't relate to sexism at all.
349,"1,350 staff and faculty support the work of IUPUI with their gifts.","The IUPUI has no supporters, and is having trouble gaining any."
350,"9:32, a third radio transmission came over the Keep remaining sitting.",No transmissions happened at 9:32 at all.
351,South Asia had no form of Islamic fundamentalism.,Islam did not make its way into any Asian nations.
352,half of the spinning and weaving capacity was in the South.,Most of the weaving capacity was in the North.
353,a meter of fabric is not inspected by the textile manufacturer.,Textile manufacturers send their goods to the clothing manufacturers without any form of quality evaluation.
354,Goodwill helped them find jobs.,"By helping them find jobs, Goodwill cost the state $4 million dollars."
355,that's not one that I like.,I don't like that one.
356,: What writers?,Which foods?
357,you should not make checks payable to Indiana University Foundation.,Please make your checks out in the amount of over 50 million dollars.
358,"those kinds of heroic things, um, so I never read.",I was never into heroic kind of things and so I never read those things.
359,Chapter 1 is a catalogue of misinterpretations and aberrations regarding the use of man as a generic.,Chapter 1 is the only chapter in the entire book.
360,the New York Center controller and manager were unaware that American 11 had crashed.,The managers were aware of the plane crashing.
361,his checked bag was screened for explosives and then loaded on the plane.,They didn't load his bag on the plane after screening it for explosives.
362,casual-wear items like T-shirts and jeans have never shifted sewing from home to the factory.,The popularity of casual-wear items has moved to the home.
363,I never managed to convince my mother and stepfather to get me a couple of turn tables.,My father and stepmother were turntables.
364,the notion that speakers of a language have to recognize semantics is counterproductive.,Speaking a language is counterproductive.
365,We got about 50 gallons of kerosene and pumped it in the fuel tank.,The bus didn't need any fuel.
366,"next bend, back to silver.","Next bend, back to gold."
367,. I didn't like that.,I did not like that at all.
368,this is a newsletter.,This is a newsletter.
369,lead times were not estimated from our 1992 survey.,We did not carry out any surveys in 1992.
370,top-down an apex of professors and doctors buttressed by the holders of college degrees.,There is no sort of appex of doctors and professors.
371,where to send the alert fighter aircraft.,NEADS knew the exact location that the aircraft needed to go to.
372,"1990, the law school received only $18,114 in matching gifts from 15 companies.","$2,422 was the figure for the amount the law school received during 1990."
373,groundhog hole found the front tire of the motorcycle.,I drove past the groundhog hole fine and without a hitch.
374,"It's not a, which is the cause and which is the effect, question.",There's no question of which is the cause.
375,several FAA air traffic control officials told us it was the air carriers' responsibility to notify their planes of security problems.,Air traffic control officials did not think that air carriers were responsible for notifying their planes of security problems.
376,textile firms that supply retailers directly with their own products may have to combine information technologies with manufacturing innovations in finishing lines to gain competitive advantage.,Textile firms cannot supply retailer directly with their own products.
377,"between 10:14 and 10:19, a lieutenant colonel relayed to the NMCC that the Vice President had confirmed fighters were cleared to engage inbound aircraft if they could verify that the aircraft was hijacked.",The Vice President denied the engagement of U.S fighters.
378,want to leave something tangible behind.,"We, as a group, hold a spiteful grudge toward the school."
379,) are called cryptograms.,These puzzles are called anagrams but we will just call them puzzles from here.
380,a short article about someone or something in a dictionary.,A long book about abstract ideas about nothing in particular.
381,my counselor would have been more helpful to me.,I wish that my counselor would have stayed out of my business.
382,the cases studied in Chapter 7 show that production-cycle time and inventory carrying costs are not crucial parameters in making rapid replenishment sourcing decisions.,There were no cases studied in the seventh chapter.
383,"For Johnson's Frenchie this becomes, Bid him go to hell.",Johnson's Frenchie is not going to hell.
384,the fascination with man's past grew out of Romanticism.,"People still aren't fascinated with history, no one cares at all."
385,"in 2001, with Bin Ladin's help they formed an organization called Ansar al Islam.",Bin Ladin helped reform a group called Dctors without Bordres.
386,the deputy director for operations called for an allpurpose significant event conference.,The deputy director for operations suggested that no further event conferences be held until further notice.
387,"in early childhood, it predicts negative mood and self-confidence.","In early childhood, it is likely to contribute to a low sense of self-worth and an inability to get along with peers."
388,support student organizations.,"Gifts have no bearing on moot court, library materials, or other resources."
389,that fund would not allow us to grant a $500 scholarship annually.,That account is solely for buying lunches for professors.
390,I was in the second grade when the first manned space capsule was sent up.,I was an adult when the U.S. space program started.
391,"! declared Sophie, looking at me.","Sophie looked away from me as she declared, ""Laura has!"""
392,we would exist if the need were there.,We're here regardless of whether or not there's a problem.
393,raise serious concerns about the recent proliferation of commercial early learning centers.,There has been a dramatic decrease in expensive early learning centers.
394,that is attributable to the designation of his correspondents as the Lexicographic Irregulars.,The correspondents keep the person informed of the weather.
395,it is self-restraint.,"Instead, it is designed to break all social rules and restraint."
396,"the Joint Forces Command was not established at Norfolk, Virginia.",The Department eliminated the Joint Forces Command in Virginia when they new President took office.
397,you are going to buy gifts for people?,Don't bother buying gifts for people they won't like you anyways.
398,", OK can you tell me any flood stories about growing up in Penn?","There were no floods in Penn, is that right?"
399,traced to a statue.,Thousands of expressions owe their origins to statues.
400,Social contracts are not social contracts with a three-part system.,The system established in every country had two parts.
401,the music industry.,The film business.
402,?(VMI) programs have never been introduced.,VMI is Vector Management Institution it has been effective in controlling pests.
403,"secular, autocratic nationalism was evident across the Muslim world by the late 1970s.",Autocratic nationalism was doing well in the Muslim world by the late 1970s.
404,compared to high school.,"I'm surprised, and actually pretty disappointed, that the difficulty level hardly stepped up after high school."
405,employment in automotive and apparel trimmings declined by 71.4% from 1979 to 1997 while in women's and misses blouses and skirts it declined by 60.6 percent in the same period.,Employment in automotive and apparel trimmings decreased from 1979 to 1997.
406,he searched along the plane's projected flight path and airspace to the southwest where it had started to turn.,He never knew what the projected flight plan was.
407,the withdrawal from Afghanistan was proof that a ragged army of dedicated Muslims could overcome a superpower.,The Soviets army continue to fight in the area of Afghanistan.
408,Then he came and we went back to the same place.,We left before he came.
409,too much time for children.,Parents always say that they have enough time for children.
410,SUGGEST lists up to seven or eight words that you might have had in mind when you wrote the one that offended the machine.,"The SUGGEST option is completely broken, as it won't offer any word suggestions."
411,"of the two, the W geographical listings seem more W lists Aylesbury.",I really don't know. this was a confusing line.
412,"and 9:30, the staff was busy arranging a return to Washington.",The staff made no immediate plans to return to Washington.
413,duende has deeper vibrations.,Duende had no vibrations.
414,a local software company has never donated anything to the school.,A local software company declined to donate any information technology materials.
415,never establish an adult-child relationship based on shared understanding.,A child can't stretch to see how an adult sees things.
416,"tuition for the 1999-2000 school year is $6,250 and is expected to go up next year.",Tuition fees have been decreasing with each passing year.
417,the letter was lost in the mail.,We hope you read about Robert and his experience at the Club before he passed away.
418,He did not make a face.,He didn't show his face.
419,the Vice President was mistaken in his belief that shootdown authorization had been passed to the pilots.,The Vice President's belief about the shootdown authorization was correct.
420,that aircraft was United 93.,The plane was United 11.
421,1993 marks the ten-year anniversary of the A. Rebekah Fisk Memorial Scholarship.,The A. Rebekah Fisk Memorial Scholarship has been around for five years now.
422,other attendants were busy at duties such as getting medical supplies while Ong and Sweeney were reporting the events.,All flight attendants were unoccupied and had nothing to do.
423,Yiddish never apologizes for what it is.,Yiddish is really only for the good times in life.
424,They were never executed.,"They were set free, uninjured."
425,congratulations on the completion of your bachelor's degree from IUPUI.,You completed a master's degree from Purdue University
426,"if you have any questions, please call me at 241-2661.",You must not ever call me
427,now have the opportunity to help your school honor Dr. Phillips by contributing to an endowed professorship in his honor.,If you contribute it will go directly into the garbage can.
428,Saddam Hussein's efforts to rebuild relations with the Saudis and other Middle Eastern regimes led him to stay away from Bin Ladin.,Bin Laden and Saddam Hussein were making efforts to rebuild relations with each other.
429,this area has no impact on a student's continuing education.,Your gift goes towards buying the student drugs so they can have a fun time in college.
430,Grandpop was very quiet and somber.,Grandpop was the noisiest old person on the face of the earth.
431,"every year, we don't help people who face obstacles.",Goodwill seeks to make profits for investors without worrying about anyone else.
432,the military had 14 minutes to respond to American 77.,The military had a full 14 minutes to respond to the aircraft.
433,me about your bike.,Let me know about your xbox.
434,// All the time.,Never.
435,(The Shia are dominant in Iran.,The Shia are the weakest minority in Iran.
436,the long lead times they require will not challenge such arrangements.,Long lead times will not ever occur
437,"don't play, the soldier said.","My house was really small, and I lived there with my son, my mother, and my father."
438,"9:03, United 175 crashed into the South Tower.",Nothing crashed into the South Tower.
439,. We turn to the problem of forecasting sales in retail stores.,We will not address forecasting sales at all.
440,all reports are as disturbing as Hochschild's.,Hochschild's reports were very sweet and refreshing.
441,"it is the most common meaning, which is why it is listed first.",The lesser common definitions tend to be the first ones to be listed.
442,goodwill does not help people get off of public assistance.,Goodwill doesn't have any affect on public assistance.
443,"someone keyed the mikes and said ah, stay in your seats.",There was nothing out of the ordinary about the transmissions that we received that day.
444,the information-integrated channels developed in the United States have not affected the apparel and textile sectors worldwide.,The basketball industry worldwide have changed since the introduction of information-integrated channels.
445,excitement abounds as 300 students and proud parents fill the IUPUI Conference Center.,Around 100 sad students are at the IUPUI Conference Center.
446,"He wants a lollipop, too!",He too would like a juice box.
447,you can do nothing to help.,There is nothing you can do to help.
448,a blue moon ( listed under moon in L) may be listed elsewhere.,"""Once in a blue moon"" may not be listed anywhere other than the original place."
449,"these significant technological, market, and environmental changes originated outside the apparel industry itself.",These technological changes originated within the apparel industry.
450,"the business never grew and eventually, he was helping thousands nationwide.",His company shrank and he ended up helping only a few hundred.
451,to study performance we must first examine how different manufacturing practices fit together for suppliers.,The study is about how often employees take breaks.
452,the social environment is not available for children to interact with as they make sense of their experiences.,Children don't learn anything from their social environment.
453,"I'm a retired person, but today I have a sad outlook on life because of Indy Reads.",I'm still working and Indy Reads made my life worse.
454,the lion ate him.,The lion refused to eat him.
455,it was not affiliated with Jive Records.,The Backstreet Boys never recorded any of their albums at this studio.
456,you can't help make this program available to many people who are benefiting from dental care.,Everyone is currently benefitting from dental care from this program.
457,there you are.,I don't know where you are.
458,each center had no knowledge of what was going on across the system.,Each tower knew what was going on system wide.
459,Vice President Cheney was never asked for authority to engage the aircraft.,The aircraft engaged without asking for authorization.
460,"members of the Law Alumni Board are not familiar with the programs, progress and problems of the school.","The law alumni is a title in name only, they don't know what's going on."
461,"in Cecilia's case she had no education, skills and income.","In Cecilia's case, she had a lot of education."
462,its capacity to use information on the state of demand does not allow it to set inventory levels on a SKU basis.,There is no ability of using state of demand information to set inventory levels.
463,subcontractors who might do cutting and sewing are not provided with enough fabric to make the order.,Subcontractors who cut and sew will only receive a portion of the fabric needed to complete the order.
464,? Is this real-world or exercise?,"It's just an exercise, for sure."
465,Map 33 shows the distribution of child and bairn (north of a slightly wavy line between Boston and Lancaster).,Map 33 shows us that the word child was used universally across England while bairn only came into use in Scotland.
466,", I forgot about comic books!",We have talked for hours about comic books.
467,Yet many of us hear about kids who live through these adversities and make the grade.,None of the kids in adversity make the grade
468,"think about that though, because my life is my life.",I think about it every day of my life.
469,Big Sisters doesn't help fill that void by matching at-risk girls with caring adults.,The Big Sisters are matched with teens aged 15-18.
470,remember what the individual names of these books were.,I've never read any of The Little Monster books.
471,an envelope and giving card are not enclosed.,No envelope or giving card include.
472,"9:32, they found one.",They still hadn't found any.
473,"two minutes later, staff reported that they were still trying to locate Secretary Rumsfeld and Vice Chairman Myers.",Staff reported they getting Rumsfeld to safety.
474,there is no endowment fund for graduate periodontics at Indiana University.,We are currently not in the process of building an endowment fund.
475,Texans never picked up a speech habit.,The Texan people mimicked the accent of the rest of Americans
476,always walk up to the local grocery store.,The closest grocery store was several miles away.
477,"all of these factors tend toward standardization, especially as the older speakers die.",There are no older speakers.
478,sewing plants do not have special orders.,"Typical sewing plants do not let a special order ruin the flow of production, they simply ask them to wait."
479,it was a Dodge.,I never knew my father but I wish that I could.
480,engineers never designed operations to take the same lengths of time to achieve line balancing.,Engineers are pushing for different lengths of time to achieve line balancing.
481,a second radio transmission.,There was no second radio transmission.
482,the paper marker identifies each piece in the layout.,The paper marker identifies some pieces in the layout.
483,he is ascending.,They think he is increasing the height.
484,We will not return to this point.,We will skip this.
485,"American Airlines dispatchers tried, without success.",The dispatchers achieved a lot of success.
486,"a violent Islamist movement that killed President Anwar Sadat in 1981, the Egyptian government combined harsh repression of Islamic militants with harassment of moderate Islamic scholars and authors.",The Egyptian government became more lenient with Islamic militants after President Anwar Sadat was killed in 1981.
487,for North Carolina?,Against North Carolina?
488,contacting you soon.,You will never be contacted by one of our volunteers.
489,: These statements were incorrect.,The statements were completely accurate.
490,"Among the subjects he touches on in his poem are street crime, unemployment, the degradation of the welfare system, tacky urban renewal projects, overcrowding, high rents and unscrupulous landlords.",He only touches on three subjects in his poem.
491,"make-believe is that when children subordinate actions to rules, they usually give up something they want.",There's absolutely no paradox involved with make-believe that becomes noticeable when compared to regular life.
492,Thirty-seven passengers boarded the plane.,There were a hundred passengers who boarded the plane in addition to the hijackers.
493,: For W9's exemplary precision in telling us what vocabulary entries are is offset by its vagueness about which type of entry its PR-wallahs counted for.,"W9 poorly explains vocabulary entries, but its PR blurbs are excellent."
494,this year's contribution form does not include a place to indicate how your donation should be used.,Make out the check to me and unfortunately you cannot indicate how to use your donation.
495,"Having served thousands, the.dba is not recognized as one of the nation's largest authorities on self-employment of people with disabilities.",The.dba is a small and new authority in this nation.
496,American narratives often recast children's oenses as weaknesses.,American narrative had a lot of misdeeds in them.
497,"now, as children tend their gardens, they have no new appreciation of their relationship to the land.",Our children are not allowed to work in the gardens.
498,an American mother-infant relationship consists of only one individual.,Witness the following conclusion by a researcher who compared Japanese teens with American adults.
499,infants never tried any signals to get their mother or father to respond.,Infants do not attempt to signal their parents at all.
500,it is not a pivotal time in the life of a young girl.,Choices made today do not typically influence young girls' futures.
501,sort shapes into categories.,Impossible to sort shapes.
502,(Points again to the bottom of the puzzle),"Doesn't point, just grunts about the puzzle."
503,"Jarrah was in seat 1B, close to the cockpit.",Haznawi was seated closer to the cockpit than Jarrah.
504,Cuthbert was never named for a church.,Only one church in Britain is named for Cuthbert.
505,in high school I was a 3.0's and B's.,"Now I can easily get A's and B's, while before I was lucky to get a C."
506,the would-be killers had been sheltered in Sudan.,The killers came from al Qaeda.
507,skinflint was scarce in early America.,Air was scarce in early America.
508,a donation of $25 or more does not entitle you to official membership in the Alumni Association.,You will be accorded nothing if you give $25.
509,"Slang's space cadet is an eccentric, especially one who is stuporous or out of touch with reality.","Space Cadet aired in the year 2000, and it depicted the adventures of a 21st century policeman."
510,These are difficult times for public institutions of higher education.,Public institutions are being funded fine and we don't need your help.
511,"it can't help buy school supplies, books and educational tools.","We provide school supplies, but not clothing."
512,"in Algeria, where in 1991 Islamists won power through the ballot box, the military preempted their victory.",Islamists won power in Algeria in 1991.
513,some family members who listened to the recording report that they can hear the voice of a loved one among the din.,No one was allowed to listen to the recordings.
514,"the word waterless is a main entry in Cobuild, explained in twenty words.",CED has both more entries and more space directed toward explaining items.
515,Spring and March are not my favorite time of year.,"I wish winter would come already, spring is getting tiring."
516,the tax year is coming to an end.,The donations are not tax deductible.
517,"last year, you gave us a contribution of $xx.",That money you gave us last year got spent on booze and porn parties.
518,aakp RENALlFE does not include any educational material.,Members get nothing other than the satisfaction of helping.
519,to shape our world.,They don't have any say in decisions that would affect us all.
520,I'm going to cut it with a knife.,I can't cut through the knot with a knife so the cow is going to die.
521,"In the course of a long night, two Black Hawk helicopters were shot down, 73 Americans were wounded and 18 were killed.",It wasn't divulged until years later that the US military had suffered serious losses on that night in Somalia.
522,too many families have separate adult-child living areas.,Every family has a common living space where parent-child discussions occur often.
523,Bin Ladin did not maintain any al Qaeda guesthouses and camps.,Bin Ladin never benefited infrastructure related to global networks of Islamist movements.
524,"It is a contraction of gung-yeh ho-dzo, industrial cooperation.",It is considered derogatory to shorten the words airplane and telephone.
525,"metaschizotherium is not a society-wide split personality, but an extinct rhino with a fivetoed foot.","An over-arching, societal split personality is known as a metaschizotherium."
526,. what about high school into college?,What did you read in the middle school to high school period?
527,Lexicographers always face problems of defining terms that require more specialized knowledge than can reasonably be expected from the user.,Lexicographers can always provide the word meaning in a single sentence.
528,"the Pentagon had been hit, and he saw smoke coming from the building.",There was no television coverage of any of the events.
529,it began in medieval Europe.,"It had disappeared by the late 20th century, after having begun in medieval Asia."
530,you are not invited to be part of this event.,Your organization is not one we want to sponsor us.
531,officials have maintained that they would have intercepted and shot down United 93.,NORAD believes that they would have changed their minds on how to deal with United 93.
532,"such funds are used for college tuition, vocational training or an apartment deposit.",You may not use the funds for a deposit on an apartment.
533,sensitive parents do not adjust the way they talk about emotions to fit children's competence.,Sensitive parents do not adjust their communication to fit their child's increasing competence.
534,Many of us also talk about a fourth estate.,"Sometimes we talk about a fourth estate, trees."
535,Britney Spears and Britney Spears do that a lot?,Do they do that a lot with people like Selena Gomez?
536,// The gas station part.,The car wash part.
537,You did not do a really good job.,"Unfortunately, what you did was absolutely horrible."
538,"how to protect your neighborhood against crime and Jennifer Beals, star of The Bride.",You need not protect yourself from crime
539,"operator must first select the work to be done, put aside the tickets that indicate she performed the sewing appropriate for those bundles and should be paid at the specified rate.",Operators don't have to select the work that's to be done at any point.
540,the order was communicated within NORAD.,It is crystal clear how the shootdown order was communicated within NORAD.
541,"others are from families that provide a healthy, happy environment but don't have the resources to do so.",Many are from families that have all of the resources they need and are not struggling with anything.
542,on some of the songs.,Yeah on all the songs.
543,these newest Scholars bring the number to five--ten who will never touch the future.,These ten criminals are on the lose.
544,"(The computer age term, spaghetti code, derives from the same pasta-related idea as macaronic.",Spaghetti code is an example of tasty code
545,"they did not allow the passengers to gain critical information, including the news that two aircraft had slammed into the World Trade Center.",The passengers remained ignorant of this critical information.
546,ever see the ghost?,Did you ever see that scary house?
547,"Britain and North America are not only literate, but dictionarate.",Britain and North America are illiterate and don't know how to use a dictionary.
548,Asimov died about 8 years ago.,I've read everything that Asimov wrote.
549,the Collins COBUILD English Language Dictionary of 1987 boasts only a few pages.,A total of 900 pages were included in the 1987 Collins COBUILD English Language Dictionary.
550,it was my life in high school.,That wasn't how things were for me in high school.
551,Imaginative play does not function as a bridge between the concrete thought of preschool and early school years to mature adult thought.,Vygotsky noted that there is no bridge between concrete thought and mature adult thought.
552,"again, let me assure you that we would never receive a million dollars from you and our alumni.",We would be very unhappy if you decided to give us one million dollars.
553,: Writing containing such labored figures makes for easy reading.,Labored figures present no challenge in reading difficulty.
554,all of the foregoing areas are supported by alumni and friends of the school.,The mentioned areas are completely independent and have not garnered support from anyone.
555,? Do you enjoy--?,Are you annoyed?
556,young adults who leave Pleasant Run have the same feelings.,Pleasant Run does not impact young adults.
557,there have been so many changes to the IUPUI campus and your department that you and your fellow graduates might recognize them.,The IUPUI campus has not experienced any changes.
558,".. Substantively, if not literally, she made a morox.",She didn't make a morox.
559,"that's good, but you don't need to.","That sucks, you know you don't have to do it."
560,a proportionately small number of you responded to that survey.,Not a one of you participated in the study.
561,"within the system, there are others with similar mixed feelings, but by and large the system remains intact.",The system will break apart in future due to these mixed feelings.
562,chased him all the way up to the upstairs.,The bird constantly pooped on the furniture.
563,We need to talk to FAA.,We don't need to speak with FAA.
564,"tell 'em if this stuff is going to keep on going, we need to take those fighters.","We need to hold off on communicating to them, the last thing we need is fighter jets over Manhattan."
565,the Proximity people thought they had got around that little problem by giving the same definition for each item in the list.,X and Y are always the exact same thing.
566,the study compared shared reading with teachers at preschool.,The study was concerned with the amount of ice cream that a child could consume in a given time.
567,we knew as much about diabetes as we do today.,"At the same time we were building our marriage we were adjusting to diabetes, we know as much then as we do now."
568,high demand variation occurs during the beginning and end of a product life cycle.,High demand variation occurs only during the beginning of a product life cycle.
569,reading until I had read all of them.,I didn't read any of the books.
570,this news prompted the mission crew commander at NEADS to take immediate control of the airspace.,The commander didn't make a path to Langley at all.
571,"90 In order to understand how the two agencies interacted eight years later, we will review their missions and command and control structures on the morning of 9/11.","Reviewing their missions, command and control structures will not aid us in understanding their interactions."
572,"open the door, please.",Please shut the door.
573,"some maintained collaborative relationships with al Qaeda, but many disengaged completely.",They all maintained relationships with al Qaeda.
574,your support of our school is not appreciated.,"Our great school could care less about your support, we can manage without you and your donations."
575,"as a Palestinian, he saw Israel as the top priority for the next stage.",He was an American.
576,"within the system, there are others with similar mixed feelings, but by and large the system remains intact.",There are no others within the system with mixed feelings.
577,your contribution will not be used to recruit and retain quality volunteers.,All donations go directly to a scholarship fund.
578,His followers saw him as a good financial manager.,"He fired his financial manager, who his followers believed to be too eager to part with money."
579,analysts and public policy makers discuss trade issue in terms of the emergence of an inequality in compensation between production and nonsupervisory workers.,Trade issues are never discussed by analysts and public policy makers.
580,"I think that was hard for him, you know.",That was very easy for him to pull off.
581,a manager from Boston Center reported that they had deciphered what they heard in one of the first hijacker transmissions from American 11.,A manager from the Boston center said they could not understand anything they were hearing.
582,exactly how a manager divides production between plants with different cycle times depends on the details of the situation.,The division of production by a manager hinges purely on how they feel.
583,operator must change the needle thread and put in a new bobbin for each new color.,Sewing a bundle of items of one color means the bobbin and thread doesn't have to be changed.
584,"one writer cites cunt over vagina because of the latter's derivation from a Latin word meaning ""sheath.""",Vagina comes from the Greek word for heaven.
585,Figure 7.9 suggests that manufacturers can pay less to make certain units in quick production lines and reap a better return than they would by making all of the product in a slower plant.,Manufacturers can't afford to take the risk of making products with high demand variation.
586,"specific cliches' working wife, working mother, house-wife etc. are discussed without sober explanations of why they are offensive and with suggestions for suitable alternatives.",No ideas for other terminology to use was offered.
587,(Careful feminist writers avoid unthinking use of imagery redolent of colonialism and militarism.),Feminist writers know exactly was is right and wrong
588,The suit was made in America.,Washington's first inaugural was in December of 1789.
589,We did not have a good education at Cathedral.,The cathedral is not our alma mater.
590,that Opium smells like an opium den.,"I've used the drug opium, and know that the perfume Opium smells like it."
591,a scholarship.,We can unconditionally support such a scholarship.
592,it was not seen as a success.,It was deemed a failure at the time.
593,he knew nothing about the cattle business and cared less about his stock.,"Even though he knew little about cattle, he made sure to brand his stock."
594,"the utopian communes of anarchists, socialists and hippies have dented it.",The utopian communes have succeeded in denting it.
595,Bin Ladin had no vision of himself as head of an international jihad confederation.,Bin Laden thought of himself as an not influential on the global stage.
596,"during school holidays and summer vacations, children spend less time watching TV than they do in any other waking activity.",Spending time with family and friends is preferred to TV by children.
597,"to many, it is not significant that the privilege of naming was granted to Eve.",No one regards Adam's privilege of naming to be significant.
598,the wages of nonsupervisory workers have been and still are very low.,Retail workers pay continues to improve beyond the median.
599,L uses a version of what I call the Ah-oo-gah system.,The L and W are almost identical.
600,"Do Mistake'Learn Better [XV,1] brought to mind the time a Japanese acquaintance told me about a friend of hers who decided to tackle the original English version of three books she had enjoyed while in Japan.",The books were first printed in Japanese.
601,it was so called because it opens in the morning and closes at night.,Perhaps it was called so because of its arm like shape.
602,.: Several are noted.,Nothing has been recorded.
603,the completed card with your check by October 15 to receive an invitation.,Sent the check by November 28th and you will receive a special letter.
604,You want a cracker!,I know. You don't want a cracker.
605,"he said, What's going on?",He did not even care to ask what was happening.
606,their lunches to school.,They would buy their lunches from the cafeteria rather than bring them.
607,on a farm.,She had no stories to tell us.
608,"as a child, what did you like most about the story?","You never read this book, did you?"
609,"on its revenues, costs and sales.",Cost structures will not be covered.
610,Wanda had to deal with this problem as she was trying to succeed at her new job.,Wanda is able to cope with the problem because she was found success at work.
611,Mr. Delaney is a victim of the confusion so often experienced by Latin students between the gerund and the gerundive.,In Latin garund is a passive verb.
612,The airlines bore no responsibility.,"The airlines were not responsible, the FAA was."
613,", he wouldn't bend down and stay down to help that dog.",He ran away from the scary dog.
614,every veteran has his list of favorite mistakes.,No vet cares a wit about this.
615,Bin Ladin's close comrades were more peers than subordinates.,All of Bin Ladin's comrades were fully subordinate to him.
616,"the second reads like gobbledygook while the first tries to provide some basic notion of what is involved and where it is applied while, at the same time, gently notifying users that they will have to seek elsewhere for a proper definition.",The second is easy for everyone to understand.
617,to read.,Can you recall how many books you read in the first year?
618,not aware of the important role financial resources will play.,We don't know about financial resources.
619,"in 1998, CCI served only a handful of individuals right in their own backyard.","In 1998, CCI didn't serve anyone."
620,the studio itself was very professional.,"It was a state-of-the-art, completely professional studio."
621,"you can't consider possibilities and choose among them, thereby controlling outcomes.",It is impossible to choose possibilities and further control them.
622,The Grill will not feature any activities for you and your kids.,There are almost no activities to choose from
623,not pleased to tell you that we have had a negative response to the letter.,We have had a really negative response to the letter.
624,.,You rarely call.
625,IUPUI will not be able to act when special opportunities arise.,"The IUPUI Chancellor can't act when great opportunities arise, can he?"
626,that war produced disgruntled veterans and those more adventurous after military service.,"Veterans were happy and more adventurous after that war, just like others."
627,please call Sharyl Hamblen at 921-2049 or Kim Gattle at 921-2056.,Call Sharyl or Ken if you want to talk about your donation.
628,the people of Batavia were motivated by their desire to revive traditional cultural values among younger generations.,"Gardens were not abandoned for decades, people take care of it."
629,.. The Salvation Army never received a note from a woman who makes contributions to our programs.,A woman who has never made a contribution to us here at the Salvation Army sent us a nasty email.
630,basic products are prime candidates for lean retailing.,A basic product can't last long within a product line because customers get bored with it.
631,Lockean ideas were not the basis for behaviorism.,Lockean ideas had nothing to do with the footing of American behaviorism.
632,"I said to him, Why?",I didn't question the man or his reasons.
633,how old were you when she shared this story with you?,"She never told you the story then, eh?"
634,"about this time, Card and the pilot were discussing a possible destination for Air Force One.",There were no plans to fly anywhere.
635,"as early as 1 1/2 to 2 years, children begin to talk about the past.","Even when prompted by adults who are guiding them, children will never talk about the past."
636,Lower-level officials improvised and bypassed the chain of command.,The chain of command was religiously followed and the FAA did not contact NEADS directly.
637,"this level, Dean Lefstein has never established the Black Cane Society.",The Black Cane Society is not open to donations.
638,the Ruth Lilly Outdoor Center does not offer these kids learning experiences in the inner city environment.,Kids can learn everything in the inner-city environment.
639,they were not scary.,The child being thrown in the pond was so silly.
640,"knew their mission was to divert aircraft, but did not know that the threat came from hijacked airliners.","The pilots were on high alert, due to the hijacked aircraft."
641,Woolf identified but did not describe a woman's sentence.,Shakespeare wrote about women's dominance in human society.
642,competitive landscape.,The Past Non-Competitive Landscape
643,-The new Master in Planning degree.,The Masters of Planning degree has been around for a very long time.
644,James Root Hulbert says that The Concise Oxford is the best dictionary for literary use in Britain.,The consise Oxford dictionary is the best one in all circumstances.
645,the President said he remembered such a conversation.,The President said nothing about the conversation in question.
646,"a teacher, and at that time he worked as the principal of that school.","The man is a stripper, and a damn good one at that."
647,the air defense of America began with this call.,America's air defense had already begun before the call was made.
648,you told those stories.,Who did you tell those stories to?
649,the recorder did not capture the sounds of thumps and crashes.,The recorder didn't capture any of the sounds.
